id,name,model_id:id,group_id:id,perm_read,perm_write,perm_create,perm_unlink
access_session_employee,foodway.inventory.count.session.employee,model_foodway_inventory_count_session,group_inventory_count_employee,1,1,0,0
access_session_manager,foodway.inventory.count.session.manager,model_foodway_inventory_count_session,group_inventory_count_manager,1,1,1,1
access_line_employee,foodway.inventory.count.line.employee,model_foodway_inventory_count_line,group_inventory_count_employee,1,1,0,0
access_line_manager,foodway.inventory.count.line.manager,model_foodway_inventory_count_line,group_inventory_count_manager,1,1,1,1
access_entry_employee,foodway.inventory.count.entry.employee,model_foodway_inventory_count_entry,group_inventory_count_employee,1,1,1,0
access_entry_manager,foodway.inventory.count.entry.manager,model_foodway_inventory_count_entry,group_inventory_count_manager,1,1,1,1
access_audit_employee,foodway.inventory.count.audit.employee,model_foodway_inventory_count_audit,group_inventory_count_employee,1,0,1,0
access_audit_manager,foodway.inventory.count.audit.manager,model_foodway_inventory_count_audit,group_inventory_count_manager,1,1,1,1
access_movement_manager,foodway.inventory.count.movement.manager,model_foodway_inventory_count_movement,group_inventory_count_manager,1,1,1,1
access_recount_wizard_manager,foodway.inventory.count.recount.wizard.manager,model_foodway_inventory_count_recount_wizard,group_inventory_count_manager,1,1,1,1
